Workbook

Sheet 项目基本情况
A1: 内江市第一人民医院院内竞选项目基本情况
A2: 采购项目名称： | B2: 2025年xxxxx采购项目
A3: 评审地点: | B3: xxxx代理机构
A4: 采购人： | B4: 内江市第一人民医院
A5: 代理机构： | B5: xxxx代理机构
A6: 采购项目编号： | B6: NJYYJX-XX-25XXXX
A7: 包号 | B7: /
A8: 评审地点: | B8: 内江市XXXXXXXXXX
A9: 评审时间： | B9: 2025年X月XX日
A10: 供应商1： | B10: 公司1
A12: 供应商2： | B12: 公司2
A14: 供应商3： | B14: 公司3
A16: 供应商4： | B16: 公司4
A17: 供应商5：

Sheet 供应商签到、文件密封及样品确认情况
A1: 内江市第一人民医院院内竞选项目 供应商签到、文件密封及样品确认情况
A2: ="项目名称:"&项目基本情况!B2 -> 项目名称:2025年xxxxx采购项目
A3: ="采购人:"&项目基本情况!B4 -> 采购人:内江市第一人民医院 | E3: ="代理机构:"&项目基本情况!B5 -> 代理机构:xxxx代理机构
A4: ="项目编号:"&项目基本情况!B6 -> 项目编号:NJYYJX-XX-25XXXX | E4: ="包号:"&项目基本情况!B7 -> 包号:/
A5: ="评审时间："&项目基本情况!B9 -> 评审时间：2025年X月XX日 | E5: ="评审地点："&项目基本情况!B8 -> 评审地点：内江市XXXXXXXXXX
A6: 序号 | B6: 供应商名称 | C6: 供应商签到 | F6: 文件密封性及样品确认
C7: 签到时间 | D7: 联系方式 | E7: 法定代表人或授权代表签到 | F7: 采购文件密封情况是否完好 | G7: 样品递交情况 | H7: 样品退回情况 | I7: 法定代表人或授权代表签字确认
A8: 1
A9: 2
A10: 3
A11: 4
A12: 5 | B12: =项目基本情况!B17

Sheet 评定标报告（不够三家）
A1: 评定标报告
A2: 一、项目信息
A3: 项目名称 | C3: =项目基本情况!B2 -> 2025年xxxxx采购项目
A4: 预算金额 | C4: XXXXXX | E4: 项目编号 | F4: =项目基本情况!B6 -> NJYYJX-XX-25XXXX | G4: 包号 | H4: =项目基本情况!B7 -> /
A5: 采购时间 | C5: =项目基本情况!B9 -> 2025年X月XX日 | E5: 采购地点 | F5: =项目基本情况!B8 -> 内江市XXXXXXXXXX | G5: 评审办法 | H5: 院内议价
A6: 二、评审过程
A7: 序号 | B7: 供应商名称 | D7: 供应商报价 | E7: 资格性审查 | F7: 符合性审查 | G7: 最终价格 | H7: 评审排名
A8: 1 | B8: XXXX
A10: 采购结果： 中选
A11: 备注：因本次采购项目有效供应商不足三家，故本次采购项目废标
A12: 评委签字
A13: 监督人员签字
A14: 四、评审地点和评审委员会成员名单
A15: 评审地点：
A16: 评审委员会成员名单：
A17: 五、开标情况
A18: （一）按照采购文件规定的时间，于 年 月 日在 进行 。 （二）递交响应文件截止时间：2024年08月16日10:00（北京时间），共收到 家供应商的响应文件。 （三）由 主持， 进行现场监督。 （四）开标过程中，由供应商代表对响应文件的密封情况进行了检查。 （五）开标过程顺利。

Sheet 评审人员、监督及代理机构签到表
A1: 内江市第一人民医院院内竞选项目 评审人员、监督及代理机构签到表
A2: ="项目名称:"&项目基本情况!B2 -> 项目名称:2025年xxxxx采购项目
A3: ="采购人:"&项目基本情况!B4 -> 采购人:内江市第一人民医院 | D3: ="代理机构:"&项目基本情况!B5 -> 代理机构:xxxx代理机构
A4: ="项目编号:"&项目基本情况!B6 -> 项目编号:NJYYJX-XX-25XXXX | D4: ="包号:"&项目基本情况!B7 -> 包号:/
A5: ="评审时间："&项目基本情况!B9 -> 评审时间：2025年X月XX日 | D5: ="评审地点："&项目基本情况!B8 -> 评审地点：内江市XXXXXXXXXX
A6: 类别 | B6: 单位名称 | C6: 姓名 | D6: 联系电话 | E6: 职务 | F6: 签到
A7: 代理机构 | B7: 四川中锦招标代理有限公司 | C7: XXXXX | D7: XXXXX | E7: 经办人
A8: 类别 | B8: 单位名称 | C8: 姓名 | D8: 联系电话 | E8: 专家类型 | F8: 专家证号 | G8: 签到
A9: 评审人员 | B9: 内江市第一人民医院 | C9: XXXXX
B10: 内江市第一人民医院 | C10: XXXXX
B11: 内江市第一人民医院 | C11: XXXXX
A12: 监督 | B12: 内江市第一人民医院 | C12: XXXXX

Sheet 评定标报告 (够三家)
A1: 评定标报告
A2: 一、项目信息
A3: 项目名称 | C3: =项目基本情况!B2 -> 2025年xxxxx采购项目
A4: 预算金额 | C4: 纱布类耗材一批，共计9样耗材，单价限价0.07元-1.9元，项目限价195700元。据实结算。 | E4: 项目编号 | F4: =项目基本情况!B6 -> NJYYJX-XX-25XXXX | G4: 包号 | H4: =项目基本情况!B7 -> /
A5: 采购时间 | C5: =项目基本情况!B9 -> 2025年X月XX日 | E5: 采购地点 | F5: =项目基本情况!B8 -> 内江市XXXXXXXXXX | G5: 评审办法 | H5: 院内竞选 （性价比法）
A6: 二、评审过程
A7: 序号 | B7: 供应商名称 | D7: 供应商报价 | E7: 资格性审查 | F7: 符合性审查 | G7: 最终得分 及价格 | H7: 评审排名
A8: 1 | B8: =项目基本情况!B10 -> 公司1
A10: 2 | B10: =项目基本情况!B12 -> 公司2
A12: 3 | B12: =项目基本情况!B14 -> 公司3
A14: 采购结果： 中选
A15: 备注：
A16: 评委签字
A17: 监督人员签字
A18: 四、评审地点和评审委员会成员名单
A19: 评审地点：
A20: 评审委员会成员名单：
A21: 五、开标情况
A22: （一）按照采购文件规定的时间，于 年 月 日在 进行 。 （二）递交响应文件截止时间：2024年08月16日10:00（北京时间），共收到 家供应商的响应文件。 （三）由 主持， 进行现场监督。 （四）开标过程中，由供应商代表对响应文件的密封情况进行了检查。 （五）开标过程顺利。

Sheet 附件一、采购项目资格审查表
A1: 附件一、资格审查表
A2: 项目 名称 | B2: =项目基本情况!B2 -> 2025年xxxxx采购项目 | E2: 项目 编号 | F2: =项目基本情况!B6 -> NJYYJX-XX-25XXXX | H2: 包号 | I2: =项目基本情况!B7 -> / | K2: 时间 | L2: =项目基本情况!B9 -> 2025年X月XX日 | N2: 地点 | O2: =项目基本情况!B8 -> 内江市XXXXXXXXXX
A3: 序号 | B3: 供应商名称 | C3: 审查内容 | R3: 是否通过审查
C4: 在中华人民共和国境内注册，具有独立法人资格 | D4: 具有良好的商业信誉 | E4: 具有具健全健的财务会 计制度 | F4: 具有履行合同所必需的设备和专业技术能力 | G4: 参加采购活动前三年内，在经营活动中没有重大违法记录 | H4: 参加本项目采购活动的供应商须为“四川省医疗保障信息大数据一体化平台药品和医用耗材招采管理子系统（招采子系统）”中的配送单位 | I4: 本项目不接受联合体 | J4: 产品所涉及逐级授权经销商企业法人营业执照 | K4: 产品所涉及逐级授权经销商的医疗器械生产（经营）许可证或生产（经营）企业备案表 | L4: 委托授权书（逐级） | M4: 法定代表人授权委托书，法人和法人授权人身份证复印件 | N4: 符合国家最新《医疗器械分类目录》管理要求注册的医疗器械产品注册证或备案凭证 | O4: 响应文件中提供的文件、证照须真实、有效，如发现响应文件中存在造假行为，则视为无效响应。 | P4: 被授权人社保信息（须包含授权人单位信息） | Q4: 若所投产品为挂网产品，须符合《四川省医药机构药品集中采购实施方案》（川医保规〔2021〕9号）等文件要求 | R4: 是 | S4: 否
A5: 1 | B5: 四川祥和茂医疗器械有限公司
A6: 2 | B6: 四川梦峰源贸易有限公司
A7: 3 | B7: 成都阿福伦斯商贸有限公司
A8: 代理机构签字：

Sheet 附件二、符合性审查表
A1: 附件二、符合性审查表
A2: 项目名称 | C2: =项目基本情况!B2 -> 2025年xxxxx采购项目 | G2: 项目编号 | H2: =项目基本情况!B6 -> NJYYJX-XX-25XXXX
A3: 包号 | C3: =项目基本情况!B7 -> / | D3: 时间 | E3: =项目基本情况!B9 -> 2025年X月XX日 | G3: 地点 | H3: =项目基本情况!B8 -> 内江市XXXXXXXXXX
A4: 序号 | B4: 供应商名称 | D4: 符合性审查内容 | J4: 是否通过审查
D5: 需要投标人进行承诺的实质性要求。 | F5: 除仅需供应商进行承诺的实质性要求外，采购文件中技术服务要求、商务要求等实质性响应内容进行应答。 | H5: 样品是否满足需求 | I5: 所投产品符合竞选文件中医疗器械产品分类 | J5: 是 | K5: 否 | L5: 备注
A6: 1 | B6: =项目基本情况!B10 -> 公司1
A8: 2 | B8: =项目基本情况!B12 -> 公司2
A10: 3 | B10: =项目基本情况!B14 -> 公司3
A12: 代理机构签字
A13: 评委签字

Sheet 附件三、评审过程
A1: 附件三、评审过程记录
A2: 项目名称 | C2: =项目基本情况!B2 -> 2025年xxxxx采购项目 | E2: 项目编号 | F2: =项目基本情况!B6 -> NJYYJX-XX-25XXXX | G2: 包号 | H2: =项目基本情况!B7 -> /
A3: 谈价过程
A4: 序号 | B4: 供应商名称 | C4: 首轮报价 | E4: 二轮报价 | G4: 三轮报价
A5: 1 | B5: =项目基本情况!B10 -> 公司1
A7: 2 | B7: =项目基本情况!B12 -> 公司2
A9: 3 | B9: =项目基本情况!B14 -> 公司3
A11: 评审细则
A12: 序号 | B12: 供应商名称 | C12: 报价 | E12: 评审分（平均值） | G12: 性价比得分 | H12: 推荐排名
A13: 1 | B13: =项目基本情况!B10 -> 公司1
A15: 2 | B15: =项目基本情况!B12 -> 公司2
A17: 3 | B17: =项目基本情况!B14 -> 公司3
A19: 评审委员会成员有不同意见的说明，特说明如下：无。
A20: 评委签字：
A21: 监督人员签字：

Sheet 评分表
A1: 评分表
A2: 序号 | B2: 评分因素及权重 | C2: 分值 | D2: 评分说明 | E2: 四川祥和茂医疗器械有限公司 | F2: 四川梦峰源贸易有限公司 | G2: 成都阿福伦斯商贸有限公司
A3: 1 | B3: 安全性30% | C3: 30分 | D3: 产品检验报告、技术要求（0~5分）
D4: 产品材质、性能与质量（0~10分）
D5: 临床使用安全性（0~15分）
A6: 2 | B6: 有效性35% | C6: 35分 | D6: 改进治疗模式，缩短手术时间（0~10分）
D7: 降低耗材比、降低单病种费用（0~10分）
D8: 使用科室根据现场样品评估实际使用的有效性（0~15分）
A9: 3 | B9: 适用性35% | C9: 35分 | D9: 适用病种，使用指征、适应症，使用范围（0~10分）
D10: 工作效率与质量（0~10分）
D11: 使用科室根据现场样品评估实际使用的适用性（0~15分）
A12: 合计
A13: 评分人
A14: 注：1、性价比法是指：每位评审专家评分除以报价为该评分专家的最终评分，最终以该项目所有评审专家最终评分的算数平均数为该竞选人的最终得分。
A15: 2、竞选人最终得分=该竞选人评审专家评分的算数平均值/该竞选人最终报价，结果保留至小数点后能够比较大小的位数，四舍五入。
A16: 3、任意两个竞选人总分差≥10分时，评审专家须在备注栏写明扣分理由。
