Workbook

Sheet 项目基本情况
A1: 内江市第一人民医院院内竞选项目基本情况
A2: 采购项目名称： | B2: 内江市第一人民xxxx采购项目（第xx次）
A3: 评审地点: | B3: 内江市第一人民医院门诊三楼会议室
A4: 采购人： | B4: 内江市第一人民医院
A5: 代理机构： | B5: xxxx代理有限责任公司
A6: 采购项目编号： | B6: NJYY-YNJX-0xx
A7: 包号 | B7: NJYY-YNJX-0xx-2
A8: 评审地点: | B8: 内江市第一人民医院门诊三楼会议室
A9: 评审时间： | B9: 2024年XX月XX日
A10: 供应商1： | B10: xxxx有限公司1
A11: 供应商2： | B11: xxxx有限公司2
A12: 供应商3： | B12: xxxx有限公司3
A13: 供应商4： | B13: xxxx有限公司4
A14: 供应商5： | B14: xxxx有限公司5

Sheet 供应商签到、文件密封及样品确认情况
A1: 内江市第一人民医院院内竞选项目 供应商签到、文件密封及样品确认情况
A2: ="项目名称:"&项目基本情况!B2 -> 项目名称:内江市第一人民xxxx采购项目（第xx次）
A3: ="采购人:"&项目基本情况!B4 -> 采购人:内江市第一人民医院 | E3: ="代理机构:"&项目基本情况!B5 -> 代理机构:xxxx代理有限责任公司
A4: ="项目编号:"&项目基本情况!B6 -> 项目编号:NJYY-YNJX-0xx | E4: ="包号:"&项目基本情况!B7 -> 包号:NJYY-YNJX-0xx-2
A5: ="评审时间："&项目基本情况!B9 -> 评审时间：2024年XX月XX日 | E5: ="评审地点："&项目基本情况!B8 -> 评审地点：内江市第一人民医院门诊三楼会议室
A6: 序号 | B6: 供应商名称 | C6: 供应商签到 | F6: 文件密封性及样品确认
C7: 签到时间 | D7: 联系方式 | E7: 法定代表人或授权代表签到 | F7: 采购文件密封情况是否完好 | G7: 样品递交情况 | H7: 样品退回情况 | I7: 法定代表人或授权代表签字确认
A8: 1 | B8: =项目基本情况!B10 -> xxxx有限公司1
A9: 2 | B9: =项目基本情况!B11 -> xxxx有限公司2
A10: 3 | B10: =项目基本情况!B12 -> xxxx有限公司3
A11: 4 | B11: =项目基本情况!B13 -> xxxx有限公司4
A12: 4 | B12: =项目基本情况!B14 -> xxxx有限公司5

Sheet 评审人员、监督及代理机构签到表
A1: 内江市第一人民医院院内竞选项目 评审人员、监督及代理机构签到表
A2: ="项目名称:"&项目基本情况!B2 -> 项目名称:内江市第一人民xxxx采购项目（第xx次）
A3: ="采购人:"&项目基本情况!B4 -> 采购人:内江市第一人民医院 | D3: ="代理机构:"&项目基本情况!B5 -> 代理机构:xxxx代理有限责任公司
A4: ="项目编号:"&项目基本情况!B6 -> 项目编号:NJYY-YNJX-0xx | D4: ="包号:"&项目基本情况!B7 -> 包号:NJYY-YNJX-0xx-2
A5: ="评审时间："&项目基本情况!B9 -> 评审时间：2024年XX月XX日 | D5: ="评审地点："&项目基本情况!B8 -> 评审地点：内江市第一人民医院门诊三楼会议室
A6: 类别 | B6: 单位名称 | C6: 姓名 | D6: 联系电话 | E6: 职务 | F6: 签到
A7: 代理机构 | B7: 四川尚璟招标代理有限责任公司 | C7: 曹家炜 | D7: 0832-2267533 | E7: 经办人
A8: 类别 | B8: 单位名称 | C8: 姓名 | D8: 联系电话 | E8: 科室 | F8: 签到
A9: 评审人员 | B9: =项目基本情况!B4 -> 内江市第一人民医院
A12: 监督

Sheet 评定标报告
A1: 评定标报告
A2: 一、项目信息
A3: 项目名称 | C3: =项目基本情况!B2 -> 内江市第一人民xxxx采购项目（第xx次）
A4: 预算金额 | C4: 预算单价0.04元/克，项目金额按计划（据实结算），配送服务期2年 | E4: 项目编号 | F4: =项目基本情况!B6 -> NJYY-YNJX-0xx | G4: 包号 | H4: =项目基本情况!B7 -> NJYY-YNJX-0xx-2
A5: 采购时间 | C5: =项目基本情况!B9 -> 2024年XX月XX日 | E5: 采购地点 | F5: =项目基本情况!B8 -> 内江市第一人民医院门诊三楼会议室 | G5: 评审办法 | H5: 性价比法
A6: 二、评审过程
A7: 序号 | B7: 供应商名称 | D7: 供应商报价 | E7: 资格性审查 | F7: 符合性审查 | G7: 最终得分 及价格 | H7: 评审排名
A8: 1 | B8: 四川迪牛贸易有限公司 | D8: 10元/瓶/250g | E8: 通过 | F8: 通过 | G8: =附件三、评审过程!G12 -> 评审分（平均值）/报价 | H8: 1
G9: 价格：维持首轮报价不变
A10: 采购结果：四川迪牛贸易有限公司中选
A11: 备注
A12: 评委签字
A13: 监督人员签字
A14: 四、评审地点和评审委员会成员名单
A15: 评审地点：
A16: 评审委员会成员名单：
A17: 五、开标情况
A18: （一）按照采购文件规定的时间，于 年 月 日在 进行 。 （二）递交响应文件截止时间：2024年08月16日10:00（北京时间），共收到 家供应商的响应文件。 （三）由 主持， 进行现场监督。 （四）开标过程中，由供应商代表对响应文件的密封情况进行了检查。 （五）开标过程顺利。

Sheet 附件一、采购项目资格审查表
A1: 附件一、资格审查表
A2: 项目 名称 | B2: =项目基本情况!B2 -> 内江市第一人民xxxx采购项目（第xx次） | E2: 项目 编号 | F2: =项目基本情况!B6 -> NJYY-YNJX-0xx | H2: 包号 | I2: =项目基本情况!B7 -> NJYY-YNJX-0xx-2 | K2: 时间 | L2: =项目基本情况!B9 -> 2024年XX月XX日 | N2: 地点 | O2: =项目基本情况!B8 -> 内江市第一人民医院门诊三楼会议室
A3: 序号 | B3: 供应商名称 | C3: 审查内容 | P3: 是否通过审查
C4: 在中华人民共和国境内注册，具有独立法人资格 | D4: 具有良好的商业信誉 | E4: 具有具健全健的财务会 计制度 | F4: 具有履行合同所必需的设备和专业技术能力 | G4: 参加采购活动前三年内，在经营活动中没有重大违法记录 | H4: 投标人必须为四川阳光采购平台备案企业 | I4: 本项目不接受联合体 | J4: 提供完整的授权链 | K4: 投标人及逐级授权经销商须符合《医疗器械监督管理条例》的要求 | L4: 所响应产品须符合《医疗器械注册管理办法》的要求 | M4: 法定代表人授权委托书，法人和法人授权人身份证复印件 | N4: 授权人社保信息（须包含授权人单位信息） | O4: 响应文件中提供的文件、证照须真实、有效，如发现响应文件中存在造假行为，则视为无效响应 | P4: 是 | Q4: 否
A5: 1 | B5: =项目基本情况!B10 -> xxxx有限公司1
A6: 2 | B6: =项目基本情况!B11 -> xxxx有限公司2
A7: 3 | B7: =项目基本情况!B12 -> xxxx有限公司3
A8: 4 | B8: =项目基本情况!B13 -> xxxx有限公司4
A9: 5 | B9: =项目基本情况!B14 -> xxxx有限公司5
A10: 审查人信息 | H10: 审查人签字

Sheet 附件二、符合性审查表
A1: 附件二、符合性审查表
A2: 项目 名称 | C2: =项目基本情况!B2 -> 内江市第一人民xxxx采购项目（第xx次） | G2: 项目 编号 | H2: =项目基本情况!B6 -> NJYY-YNJX-0xx
A3: 包号 | C3: =项目基本情况!B7 -> NJYY-YNJX-0xx-2 | D3: 时间 | E3: =项目基本情况!B9 -> 2024年XX月XX日 | G3: 地点 | H3: =项目基本情况!B8 -> 内江市第一人民医院门诊三楼会议室
A4: 序号 | B4: 供应商名称 | D4: 符合性审查内容 | H4: 是否通过审查
D5: 需要投标人进行承诺的实质性要求。 | F5: 除仅需供应商进行承诺的实质性要求外，采购文件中技术服务要求、商务要求等实质性响应内容进行应答。 | H5: 是 | I5: 否
A6: 1 | B6: =项目基本情况!B10 -> xxxx有限公司1
A7: 2 | B7: =项目基本情况!B11 -> xxxx有限公司2
A8: 3 | B8: =项目基本情况!B12 -> xxxx有限公司3
A9: 4 | B9: =项目基本情况!B13 -> xxxx有限公司4
A10: 5 | B10: =项目基本情况!B14 -> xxxx有限公司5
A11: 代理机构签字
A12: 评委签字
A13: 注：代理代理机构对文件中实质性要求进行审查，评审专家对样品进行审查

Sheet 附件三、评审过程
A1: 附件三、评审过程记录
A2: 项目名称 | C2: =项目基本情况!B2 -> 内江市第一人民xxxx采购项目（第xx次） | E2: 项目编号 | F2: =项目基本情况!B6 -> NJYY-YNJX-0xx | G2: 包号 | H2: =项目基本情况!B7 -> NJYY-YNJX-0xx-2
A3: 谈价过程
A4: 序号 | B4: 供应商名称 | C4: 首轮报价 | E4: 二轮报价 | G4: 三轮报价
A5: 1 | B5: =项目基本情况!B10 -> xxxx有限公司1
A6: 2 | B6: =项目基本情况!B11 -> xxxx有限公司2
A7: 3 | B7: =项目基本情况!B12 -> xxxx有限公司3
A8: 4 | B8: =项目基本情况!B13 -> xxxx有限公司4
A9: 5 | B9: =项目基本情况!B14 -> xxxx有限公司5
A10: 评审细则
A11: 序号 | B11: 供应商名称 | C11: 报价 | E11: 评审分（平均值） | G11: 性价比得分 | H11: 推荐排名
A12: 1 | B12: =项目基本情况!B10 -> xxxx有限公司1 | C12: xx | E12: xxx | G12: 评审分（平均值）/报价 | H12: 1
B13: =项目基本情况!B11 -> xxxx有限公司2 | C13: xx | E13: xxx | G13: 评审分（平均值）/报价 | H13: 2
B14: =项目基本情况!B12 -> xxxx有限公司3 | C14: xx | E14: xxx | G14: 评审分（平均值）/报价 | H14: 3
B15: =项目基本情况!B13 -> xxxx有限公司4 | C15: xx | E15: xxx | G15: 评审分（平均值）/报价 | H15: 4
B16: =项目基本情况!B14 -> xxxx有限公司5 | C16: xx | E16: xxx | G16: 评审分（平均值）/报价 | H16: 5
A17: 评审委员会成员有不同意见的说明，特说明如下：无。
A19: 评委签字：
A20: 监督人员签字：
